start_epoch,end_epoch,input_rx,input_ry,input_rz,input_vx,input_vy,input_vz,bstar,ndot,dt_minutes,err_rx,err_ry,err_rz,err_vx,err_vy,err_vz,date_only,DATE,Kp,F10.7_OBS
2022-01-14 04:00:00,2022-01-15 04:00:00,-4324.934714917095,-2064.325998947259,4675.454212127003,5.454000124476308,-4.543176177753409,3.0039265928553536,-0.0027385,-0.00902696,1440.0,7.58056301041961,-3.500319138767736,0.5314006373364464,0.0041743078638836,-0.0016425738260394,0.0001909226863245,2022-01-14,2022-01-14,5.7,110.2
2022-01-14 12:00:00,2022-01-15 12:00:00,5678.910624061067,-3313.201447140237,1102.8215719107386,3.244862779136119,3.5500236398052736,-6.073286664488571,-0.0027436,-0.00869908,1440.0,2.868706328279586,-6.536365906893025,6.7499796090346535,0.0053650451888911,-0.0085228212870775,0.0077839546880111,2022-01-14,2022-01-14,5.7,110.2
2022-01-14 14:00:01,2022-01-15 14:00:01,-55.35983166251855,4242.632816094992,-5172.009307362684,-7.310725804457923,1.8801166570971573,1.5892770648248138,-0.0029,-0.00911749,1440.0,6.732712371804347,-2.621905290800896,-0.3852740410684419,-0.0016243086650256,0.0006224877096816,-0.0001472723503974,2022-01-14,2022-01-14,5.7,110.2
2022-01-14 20:00:01,2022-01-15 20:00:01,1163.7663434783562,3858.961062760047,-5335.474920269187,-7.142593175581145,2.8808186710745343,0.4979677513049968,-0.0029551,-0.00903457,1440.0,15.254425863941153,-6.191910434250076,-1.0474155551146396,0.0018431532303466,0.0064493875926845,-0.0090760852763033,2022-01-14,2022-01-14,5.7,110.2
2022-01-14 22:00:00,2022-01-15 20:00:01,1160.4440474472476,3860.377079626701,-5335.27285710392,-7.143363060779239,2.8781122839757773,0.5017507846827108,-0.0030252,-0.00916604,1320.0166666666669,18.576721895049783,-7.607927300904521,-1.2494787203822852,0.002613038428441,0.0091557746914414,-0.0128591186540173,2022-01-14,2022-01-14,5.7,110.2
2022-01-18 04:00:01,2022-01-19 04:00:00,5569.265397954316,-1521.6525803271002,-3410.3469094418265,-1.3058714612230284,5.914743952121536,-4.7702748686531375,-0.0039533,-0.00800932,1439.9833333333331,2.8809805137916555,-3.7628029972365766,1.3352310783880057,0.0065940501962016,-0.0039326640664691,-0.0020783340155681,2022-01-18,2022-01-18,5.0,114.5
2022-01-18 14:00:01,2022-01-19 14:00:01,-4104.97469999479,-1376.6933119729408,5115.9319928115565,4.3662745246527495,-6.077510565372341,1.8616700977597849,-0.0043167,-0.00840654,1440.0,5.459549214924664,-8.076958121884218,2.7362032208711757,0.0056106387428691,0.0023053446319245,-0.0072302092686797,2022-01-18,2022-01-18,5.0,114.5
2022-01-18 20:00:01,2022-01-19 22:00:00,4170.698152993171,-5173.561938448669,907.4985257207842,4.15222722224094,2.273226767442968,-6.089717774691834,-0.0043979,-0.00838941,1559.9833333333331,1.960564921922014,0.533540290435667,-2.2874872428370736,-0.0016322129140542,0.0014745515374334,0.0001773526664008,2022-01-18,2022-01-18,5.0,114.5
2022-01-18 22:00:00,2022-01-19 22:00:00,4173.617260018532,-5171.586398940476,902.7530793854644,4.148510940428415,2.2781622181977697,-6.090857297123557,-0.0043111,-0.00818045,1440.0,-0.9585421034389584,-1.4419992177572567,2.4579590924826107,0.0020840688984709,-0.0034608992173685,0.0013168750981238,2022-01-18,2022-01-18,5.0,114.5
2022-01-19 04:00:00,2022-01-20 04:00:00,2805.6805591441225,-5590.855322618863,2421.799273241815,5.385146606043963,0.3056577477298762,-5.511487319269,-0.0043695,-0.00811831,1440.0,-3.7352165939187216,0.2695019948523622,3.5273114793835703,0.0030988375409588,-0.0051021833141514,0.0018553654750252,2022-01-19,2022-01-19,5.300000000000001,105.3
2022-01-19 14:00:01,2022-01-20 14:00:01,-4624.537493653605,4851.652712647642,347.0522376757618,-3.121853856796432,-3.4216192364227926,6.163386047713423,-0.0040726,-0.00736639,1440.0,11.02402391682972,11.307043500414691,-21.329060258142363,-0.0184314637555811,0.018739598468604,0.0019786529632588,2022-01-19,2022-01-19,5.300000000000001,105.3
2022-01-19 22:00:00,2022-01-20 22:00:00,-2363.406025507248,-3361.286938787748,5301.305912274519,5.432562651479594,-5.379459340644982,-0.9875336262346228,-0.0047854,-0.0083477,1440.0,2.6378190389114025,-0.8233879364211134,-1.9635548164797,0.0024107609590497,-0.0006413620735319,-0.0017639040306927,2022-01-19,2022-01-19,5.300000000000001,105.3
2022-02-03 06:00:00,2022-02-04 06:00:00,3935.832728097359,5405.668928160183,-749.2974390347171,-3.3505086331055622,3.2773586026355104,6.109143932842489,5.0168e-05,6.435e-05,1440.0,-2.592650357810726,2.3171570497379435,4.368994024241033,-0.0036301880957618,-0.0048692197098976,0.0008320665623946,2022-02-03,2022-02-03,5.300000000000001,126.5
2022-02-03 14:00:01,2022-02-04 14:00:01,-2773.747436034684,3034.892887665402,5315.397385473079,-4.732994555751652,-6.001652189884963,0.9560991357307048,-0.0001961,-0.00028131,1440.0,-9.296741935607317,-11.884537427070882,1.7668410266960564,0.0071633560658934,-0.0078087799925734,-0.0135867027775171,2022-02-03,2022-02-03,5.300000000000001,126.5
2022-02-03 22:00:01,2022-02-04 22:00:00,-4326.452702623299,-5070.573080395707,919.3208371684024,2.98969510309057,-3.663834888341031,-6.076650241359627,-3.7672e-05,-5.91e-05,1439.9833333333331,-0.4475689786740986,0.3108569315963905,0.8927655399194236,-0.0007110029509416,-0.0008355299593945,0.000296604501484,2022-02-03,2022-02-03,5.300000000000001,126.5
2022-02-04 14:00:01,2022-02-05 14:00:01,4704.075088558075,4677.382609642105,-1128.9923787042185,-2.573125863131852,4.034005892547176,6.031988646979496,-0.00050913,-0.00071717,1440.0,1.5237543443427055,-3.160703559863577,-4.479339926823059,0.0046849095095184,0.004850429863942,-0.0009217222178659,2022-02-04,2022-02-04,5.300000000000001,129.6
2022-02-04 20:00:01,2022-02-05 20:00:01,5272.463423982183,2782.512625794141,-3124.856665368008,-0.1032518305297894,5.827179880956208,5.024371314894664,0.00020708,0.00028527,1440.0,-0.1851161687318381,2.7146841468488674,2.203766701568384,-0.0030727728483973,-0.0015402137449909,0.0018886322415498,2022-02-04,2022-02-04,5.300000000000001,129.6
2022-02-04 22:00:00,2022-02-05 20:00:01,5271.960754716572,2798.20748503371,-3111.016779466749,-0.1219737372323802,5.817400529961998,5.035590061301705,0.00070009,0.0009863,1320.0166666666669,0.3175530968792373,-12.980175092719946,-11.6361191996898,0.0156491338541934,0.0082391372492187,-0.0093301141654915,2022-02-04,2022-02-04,5.300000000000001,129.6
2022-02-10 14:00:01,2022-02-11 14:00:01,-6115.036232739656,-271.1755505435875,2787.4030508277256,-2.185362032555852,-5.168103645418475,-5.274927876043907,0.00011739,0.00015873,1440.0,-1.6332944025907636,-4.517608455392747,-4.526926296403417,0.0068091115361972,0.0001684600762432,-0.0032005241496504,2022-02-10,2022-02-10,5.0,118.0
2022-02-10 22:00:00,2022-02-11 22:31:06,6288.970286840669,2388.6228373046943,14.902970804072714,-1.6564384045939349,4.301610900283703,6.16941331252224,0.00065378,0.00092099,1471.1,4.344597273174259,-9.9967903316483,-14.899098870711931,0.0195399246345771,0.0070612347140617,-0.0002250602715525,2022-02-10,2022-02-10,5.0,118.0
2022-03-05 14:00:01,2022-03-06 14:00:01,-3814.651589907274,-2413.630213229331,-5049.9658425360485,1.5675918114391765,-7.161305269253647,2.2412929733883606,-0.0092109,-0.0071291,1440.0,-0.3424688096870341,2.4300301506104915,-0.7740482981207606,-0.0012083752741582,-0.0011454169988995,-0.0023701235066297,2022-03-05,2022-03-05,5.300000000000001,120.1
2022-03-05 22:00:01,2022-03-06 22:00:00,-76.40372264423756,-6762.850829631874,287.1697380682777,4.601823231025059,0.2167234229134168,6.141561265393543,-0.0094236,-0.00715034,1439.9833333333331,-0.5117163484983394,-0.1409187805511464,-1.446377378885245,-8.034826368330528e-05,-0.0018825267968547,2.570845797222887e-05,2022-03-05,2022-03-05,5.300000000000001,120.1
2022-03-13 14:00:01,2022-03-14 14:00:01,-502.8313698550615,-5419.365153688048,4063.147136324701,5.984497151025834,2.5096528519094976,4.076800610229709,0.00041091,0.00022171,1440.0,55.036340872993264,24.258931537886383,37.08301624573687,0.0063724674765204,0.0631005922099872,-0.048048109571563,2022-03-13,2022-03-13,6.300000000000001,122.9
2022-03-13 20:00:01,2022-03-14 20:00:01,-4199.480760894498,-5332.609783114468,354.08786659960305,3.810288411387045,-2.5839621786659803,6.124413615372669,0.0012636,0.00069754,1440.0,7.413326913607307,-5.013551567558352,11.655004905082649,0.0101871762508158,0.0129951557330936,-0.0007595343629516,2022-03-13,2022-03-13,6.300000000000001,122.9
2022-03-14 04:00:00,2022-03-15 02:00:01,-5407.312453119674,-2047.37428141836,-3581.2291185641434,-0.7635186980114885,-6.053523233830785,4.621232759401404,0.00046592,0.00025365,1320.0166666666669,0.774598920194876,5.087002730903578,-4.021342485980313,-0.0057504724722946,-0.002347241250229,-0.0038164483733282,2022-03-14,2022-03-14,5.7,114.9
2022-03-14 20:00:01,2022-03-15 20:00:01,4640.817195291829,4959.475151461247,-337.6358342796175,-3.5540202011972277,2.91883714330113,-6.123565250955423,-0.0026191,-0.00142556,1440.0,11.236984241306343,-8.308332974384939,18.7587238811326,0.0182722038553215,0.0189765237315846,-0.0008941444250059,2022-03-14,2022-03-14,5.7,114.9
2022-03-14 20:00:01,2022-03-15 20:00:01,4640.817195291829,4959.475151461247,-337.6358342796175,-3.5540202011972277,2.91883714330113,-6.123565250955423,-0.0026191,-0.00142556,1440.0,11.236984241306343,-8.308332974384939,18.7587238811326,0.0182722038553215,0.0189765237315846,-0.0008941444250059,2022-03-14,2022-03-14,5.7,114.9
2022-04-10 14:00:01,2022-04-11 14:00:01,1178.2095241701606,6113.756953267835,-2992.078664941196,-4.489531712037274,3.3655024285729187,5.120043123090367,-0.041563,-0.00726118,1440.0,-0.1211577114736428,-0.2449748984190591,-0.4171806963913695,-0.0001528419682355,0.0004261508269247,-0.0003217641284152,2022-04-10,2022-04-10,6.7,101.1
2022-04-10 20:00:01,2022-04-11 20:00:01,4212.734223484509,-1737.5567441064711,-5196.435893796635,0.4244000448827052,7.282267123502888,-2.091410899565656,-0.041663,-0.00720365,1440.0,-0.0408125118710813,-2.0729319401471,0.7223128609102787,0.0010295949840238,-0.0005588281660324,-0.0020079066242701,2022-04-10,2022-04-10,6.7,101.1
2022-04-10 22:00:00,2022-04-11 20:00:01,4213.126998046334,-1730.9868051010567,-5198.332692101454,0.4198553791897336,7.284125627581282,-2.08579531845118,-0.041861,-0.00721108,1320.0166666666669,-0.4335870736958895,-8.642870945561754,2.6191111657290094,0.0055742606769955,-0.0024173322444269,-0.0076234877387459,2022-04-10,2022-04-10,6.7,101.1
2022-04-14 06:00:00,2022-04-15 05:29:03,720.3285050335041,6880.846465053954,41.4310976723344,-4.524997071255735,0.4294715596062526,6.083195926611382,-0.0091687,-0.00143682,1409.05,31.42826620633969,-6.503959975637372,-41.429392627759945,0.0049035264080705,0.0579318220294607,0.0016972823068677,2022-04-14,2022-04-14,6.0,103.4
2022-04-14 12:00:00,2022-04-15 10:15:07,836.6381326502163,6867.264839885732,28.652742654325277,-4.515781846531782,0.5171512981877835,6.083481438442875,-0.00017753,-3.112e-05,1335.1166666666666,22.14207467169274,-4.71302404522794,-28.65566368542389,0.0042450025910234,0.0401512222066603,0.0010053296345278,2022-04-14,2022-04-14,6.0,103.4
2022-04-14 14:00:01,2022-04-15 14:00:01,-3773.0094075344928,-3894.474753730359,4287.480105364391,2.0433135713495085,-6.224728513348104,-3.843876113061028,-0.00012224,-2.233e-05,1440.0,4.635137970904907,-15.86251185736046,-10.175517980614131,0.0109634434677867,0.0121030912957582,-0.0134566670633109,2022-04-14,2022-04-14,6.0,103.4
2022-04-14 20:00:01,2022-04-15 20:00:01,-2326.4989232758585,5038.068437153389,4120.234141738281,-3.877279415712208,-5.119265540249129,4.059050305897533,0.0037895,0.00060539,1440.0,10.578279535826368,14.632745179807898,-10.955556421023177,-0.0074983262354657,0.0171467605747128,0.0137620400370295,2022-04-14,2022-04-14,6.0,103.4
2022-04-14 22:00:00,2022-04-15 20:00:01,-2328.048557707345,5036.067576562361,4121.916844933688,-3.8760981870850673,-5.121707309738139,4.057047072864759,0.002502,0.00039776,1320.0166666666669,12.127913967312452,16.633605770835857,-12.638259616429425,-0.0086795548626059,0.0195885300637224,0.0157652730698032,2022-04-14,2022-04-14,6.0,103.4
2022-04-15 05:29:03,2022-04-16 04:00:00,-2951.0859198121098,3953.197421796373,4837.924430288012,-3.373321041384301,-6.135183830922511,2.949460393701513,-0.0083798,-0.00134022,1350.95,79.29685505063253,143.07060344220918,-69.87140935628577,-0.081446892533977,0.1136571958635617,0.1356535967891399,2022-04-15,2022-04-15,5.0,110.3
2022-04-15 14:00:01,2022-04-16 14:00:01,-2533.4359381893514,-6254.273012217788,1523.8017627252952,3.820038562436555,-2.981564751559937,-5.846845361849771,-0.0034302,-0.00054472,1440.0,7.112660436741408,-5.145703869694444,-10.614690204498402,0.0056605453393308,0.0137473332048867,-0.0034533209386777,2022-04-15,2022-04-15,5.0,110.3
2022-04-15 22:00:00,2022-04-16 22:00:01,-1934.1816440535936,-6631.154387587425,392.79631980452194,4.271155493692376,-1.6134916071364114,-6.0671500360336985,0.0044816,0.00071667,1440.0166666666669,-9.787252425729775,3.330910433944154,14.04197720648881,-0.005458242215222,-0.0181680720574022,0.0012850719063273,2022-04-15,2022-04-15,5.0,110.3
2022-04-27 14:00:01,2022-04-28 14:00:01,-3622.8947497618583,-4609.017614343483,-3681.8599665302936,5.978247146897798,-1.073455070246668,-4.544485814572613,0.0032584,0.000519,1440.0,-9.76602657102694,1.6273907561371743,7.346532282687349,-0.0071017758866682,-0.0087901327632837,-0.0071897666806997,2022-04-27,2022-04-27,5.0,141.5
2022-04-27 20:00:01,2022-04-28 20:00:01,-5923.7959322991965,396.7811329460723,3543.0329442982365,-3.1453493347077246,-5.09723866233886,-4.671358624492494,-0.00028033,-4.748e-05,1440.0,-1.1453951151552246,-1.9051475685541843,-1.5102607863077535,0.0026557077736817,-0.0001063221440524,-0.0014469289692344,2022-04-27,2022-04-27,5.0,141.5
2022-05-27 14:00:01,2022-05-28 14:00:01,2132.611994497907,6567.413619026644,-462.9301844088703,-4.454533355180071,1.026725008404329,-6.06058600621495,-5.3753e-06,-3.74e-06,1440.0,-2.3393848586897548,0.6100609749919386,-3.0082398236514223,-0.0012497548337959,-0.0041848932723898,0.0003243530795371,2022-05-27,2022-05-27,5.0,113.6
2022-05-27 14:00:01,2022-05-28 14:00:01,2132.611994497907,6567.413619026644,-462.9301844088703,-4.454533355180071,1.026725008404329,-6.06058600621495,-5.3753e-06,-3.74e-06,1440.0,-2.3393848586897548,0.6100609749919386,-3.0082398236514223,-0.0012497548337959,-0.0041848932723898,0.0003243530795371,2022-05-27,2022-05-27,5.0,113.6
2022-05-27 22:00:01,2022-05-28 22:00:00,1445.6434596275983,6586.361265695792,-1562.3508694384302,-4.843350877591497,-0.3150521690140663,-5.834600702986096,-0.0020945,-0.00033497,1439.9833333333331,-4.804349894807046,-0.4276463462401807,-5.56488109333236,-0.0016939380596401,-0.0078808784040759,0.0017733480850141,2022-05-27,2022-05-27,5.0,113.6
2022-05-28 14:00:01,2022-05-29 14:00:01,-105.16262429975907,5952.436586479829,-3533.931708686875,-5.231851549836805,-2.8697435510400404,-4.6833255872384045,-0.00031513,-5.302e-05,1440.0,-0.3192353541822541,-0.0873974937549064,-0.2090968267316384,0.0001307952603744,-0.0004769499922994,0.0002018549851268,2022-05-28,2022-05-28,5.0,101.8
2022-05-28 14:00:01,2022-05-29 14:00:01,-105.16262429975907,5952.436586479829,-3533.931708686875,-5.231851549836805,-2.8697435510400404,-4.6833255872384045,-0.00031513,-5.302e-05,1440.0,-0.3192353541822541,-0.0873974937549064,-0.2090968267316384,0.0001307952603744,-0.0004769499922994,0.0002018549851268,2022-05-28,2022-05-28,5.0,101.8
2022-05-28 22:00:00,2022-05-29 22:00:00,-921.5660319555194,5332.822708811657,-4318.478116367292,-5.2079174845060905,-3.983902363674289,-3.81056173800644,-0.0021593,-0.00034519,1440.0,0.3233314937796194,0.2843543611070345,0.3043136383794262,3.092375405699954e-05,0.0003683109861452,-0.0004147255848252,2022-05-28,2022-05-28,5.0,101.8
2022-07-07 02:16:23,2022-07-08 02:07:08,2679.472824866881,6378.277230456246,-14.552415678214532,-4.188493626684969,1.76430601449734,6.083560859117974,2.3839e-05,9.1e-07,1430.75,-10.109974807278832,4.127541765101341,14.5484825813128,-0.0077676562448365,-0.0183828415182591,7.575142341487151e-05,2022-07-07,2022-07-07,5.300000000000001,121.3
2022-07-07 21:20:59,2022-07-08 19:36:23,3027.643295219897,6220.541170558166,2.391910963348226,-4.091220855789175,1.9795546138503664,6.083540970176168,5.1138e-05,5.26e-06,1335.4,1.6475916566973865,-0.7926052896928013,-2.3947111273821764,0.0014886212913589,0.0029964731388527,9.052857346425467e-06,2022-07-07,2022-07-07,5.300000000000001,121.3
2022-07-08 02:07:08,2022-07-09 01:57:55,3155.2220469739764,6156.800997333233,3.860093676309964,-4.050114121355602,2.0622895404171198,6.083561231792974,5.6164e-05,6.06e-06,1430.7833333333333,2.422859114062703,-1.2715764435952224,-3.8567911152183534,0.0023686685993835,0.0046912382565547,2.330046669030139e-05,2022-07-08,2022-07-08,5.0,129.6
2022-07-08 08:28:41,2022-07-09 08:19:27,3287.56243906698,6087.17595131636,-3.9981058666302367,-4.0012869433752405,2.155421139037871,6.083584108471213,3.4836e-05,2.66e-06,1430.7666666666669,-2.809883085603815,1.4705127039469517,3.9924303154297296,-0.0026675666625886,-0.004856121764146,1.2096427333574413e-05,2022-07-08,2022-07-08,5.0,129.6
2022-07-21 20:47:23,2022-07-22 20:38:09,6917.4025370406125,113.58565597224788,-8.381367680928493,-0.0748802035976452,4.5441256794821685,6.083568554373036,1.0757e-05,-1.17e-06,1430.7666666666669,-0.2540381681728831,6.350837725637803,8.389832459663749,-0.0114836407115215,-0.0001054266156641,0.0001032465433716,2022-07-21,2022-07-21,5.300000000000001,121.7
2022-07-21 22:22:46,2022-07-22 20:38:09,6917.372986636039,114.688400564701,-6.957425674407637,-0.0768576583880228,4.5440881467035865,6.0835863131527965,2.2171e-05,6.5e-07,1335.3833333333334,-0.2244877635994271,5.248093133184696,6.965890453142893,-0.0095061859211439,-6.78938370821669e-05,8.54877636111695e-05,2022-07-21,2022-07-21,5.300000000000001,121.7
2022-07-21 22:22:46,2022-07-22 20:38:09,6917.372986636039,114.688400564701,-6.957425674407637,-0.0768576583880228,4.5440881467035865,6.0835863131527965,2.2171e-05,6.5e-07,1335.3833333333334,-0.2244877635994271,5.248093133184696,6.965890453142893,-0.0095061859211439,-6.78938370821669e-05,8.54877636111695e-05,2022-07-21,2022-07-21,5.300000000000001,121.7
2022-07-23 10:56:38,2022-07-24 10:47:25,6878.664072579857,-740.0134626806159,0.4912049618196807,0.4781976138335623,4.519509837255237,6.083532370871006,7.762e-05,9.48e-06,1430.7833333333333,-0.1003385232088476,-0.373981882984026,-0.4893958674033762,0.000682315145619,-3.0967160500772195e-05,5.649416544795116e-05,2022-07-23,2022-07-23,5.300000000000001,110.5
2022-07-23 20:28:58,2022-07-24 18:44:21,6856.236334879382,-924.732145986194,-8.077246187273616,0.6070655585505241,4.504062015417052,6.083564008624914,1.5375e-05,-4.3e-07,1335.3833333333334,0.573300599430695,6.185678531208623,8.079446609126968,-0.0110718194245716,0.0016268520822464,0.0002126923146033,2022-07-23,2022-07-23,5.300000000000001,110.5
2022-08-07 10:13:48,2022-08-08 10:04:34,1976.780148784834,-6629.793972472988,-8.376303962993024,4.355434395950852,1.2988400288273385,6.083546929325295,1.4418e-05,-5.9e-07,1430.7666666666669,6.062055604030547,1.965969927721744,8.37064195460636,-0.0031974783941448,0.011083661796805,8.543044690867418e-05,2022-08-07,2022-08-07,5.7,116.1
2022-08-07 11:49:11,2022-08-08 10:04:34,1977.870219689726,-6629.48319336877,-6.879492084970511,4.354835170355987,1.3008109614453849,6.083534602222875,2.1544e-05,5.5e-07,1335.3833333333334,4.971984699138375,1.6551908235041992,6.873830076583847,-0.0025982527992791,0.0091127291787587,9.77575493283922e-05,2022-08-07,2022-08-07,5.7,116.1
2022-08-08 10:04:34,2022-08-09 08:19:58,1499.9572456431654,-6753.537810055223,4.953336816556215,4.43436170496267,0.9970966239914176,6.083595477190795,8.6913e-05,1.096e-05,1335.4,-3.7655580723244384,-1.274121008244947,-4.95728518057708,0.0013527321565955,-0.007061579445572,-0.0003877166466388,2022-08-08,2022-08-08,5.0,113.0
2022-08-17 08:41:40,2022-08-18 10:07:50,-3275.018134284875,-6093.877198396431,-1.1755025875411067,4.006798642904778,-2.145608410565374,6.083510053977129,3.8589e-05,3.26e-06,1526.1666666666667,1.0120721952307576,-0.2477957699957187,1.182193772785883,0.0008990266867821,0.0012998881643606,0.0002146381489431,2022-08-17,2022-08-17,6.7,122.7
2022-08-17 08:41:40,2022-08-18 10:07:50,-3275.018134284875,-6093.877198396431,-1.1755025875411067,4.006798642904778,-2.145608410565374,6.083510053977129,3.8589e-05,3.26e-06,1526.1666666666667,1.0120721952307576,-0.2477957699957187,1.182193772785883,0.0008990266867821,0.0012998881643606,0.0002146381489431,2022-08-17,2022-08-17,6.7,122.7
2022-08-19 06:47:50,2022-08-20 06:38:38,-4115.297215309658,-5560.755237718357,11.390285674026805,3.664180900977988,-2.6895206925111905,6.083659105521284,0.00017904,2.563e-05,1430.8,-6.673653733023457,4.990632980392547,-11.392141535919093,-0.0091437077879894,-0.0125895608942978,1.3091499804218644e-05,2022-08-19,2022-08-19,5.0,105.4
2022-09-03 02:54:15,2022-09-04 04:20:24,-6726.848181231262,1615.252953281826,-3.642296122299305,-1.056683435026818,-4.420573694414793,6.083644659295202,1.4058e-05,-6.4e-07,1526.15,-0.617394373541174,-2.7500313881032525,3.6404936657500913,0.004927451412511,-0.0012134711362516,2.0124839096524735e-05,2022-09-03,2022-09-03,5.0,123.4
2022-09-03 12:26:34,2022-09-04 12:17:20,-6682.631625010848,1789.3727581699704,-3.958141970016751,-1.1713581594079598,-4.391566054457356,6.083671683577148,-2.314e-05,-6.57e-06,1430.7666666666669,-0.6969826385629858,-2.979985870822929,3.9577789719662175,0.0053155101930717,-0.0014904175542937,6.797138925040969e-05,2022-09-03,2022-09-03,5.0,123.4
2022-09-04 04:20:24,2022-09-05 04:11:11,-6582.905546922243,2127.181358147862,5.323621536623682,-1.3855501690763783,-4.328793685128496,6.083612101595871,0.00010896,1.447e-05,1430.7833333333333,1.0646491423376574,3.7861961283697374,-5.3270236703610365,-0.0068522233758816,0.0023463709714341,-9.626111563854069e-05,2022-09-04,2022-09-04,6.300000000000001,128.3
2022-09-05 04:11:11,2022-09-06 04:01:59,-6399.170432003617,2629.265636050515,10.519271047809449,-1.7113562463565777,-4.210478550003768,6.083442260754065,-0.00012656,-2.303e-05,1430.8,2.85787351696672,7.222601624656363,-10.520387626548422,-0.0133747452075025,0.0055564430077357,-3.1355253393705595e-05,2022-09-05,2022-09-05,5.0,130.2
2022-09-27 19:53:06,2022-09-28 21:19:16,3905.122436381901,5710.327701670033,4.554612127597866,-3.7582481364921674,2.556079870472908,6.083805372493998,5.9379e-05,6.57e-06,1526.1666666666667,2.6768928951901216,-1.873100051926485,-4.557087081163429,0.0034559374199236,0.00510486902794,6.517203830114227e-05,2022-09-27,2022-09-27,5.300000000000001,134.5
2022-09-27 21:28:29,2022-09-28 21:19:16,3904.517705740073,5710.722576071948,5.482505851552196,-3.758973320745384,2.5550137453311863,6.083822435479421,6.9323e-05,8.16e-06,1430.7833333333333,3.281623537017367,-2.267974453840907,-5.484980805117758,0.0041811216731408,0.0061709941696617,4.8109052878331227e-05,2022-09-27,2022-09-27,5.300000000000001,134.5
2022-10-03 14:11:38,2022-10-04 12:27:03,5966.989700374872,3500.288556537767,10.8784012015638,-2.314512027993113,3.9115704461112646,6.083932536774459,0.00012501,1.702e-05,1335.4166666666667,4.161328198081719,-6.971066155203971,-10.874854160907516,0.012715838069742,0.0075793883741526,-0.000103694112064,2022-10-03,2022-10-03,5.7,155.1
2022-10-22 11:16:36,2022-10-23 09:31:59,4021.447772074784,-5628.197919664331,-6.070884571455577,3.697120729628239,2.64455161312321,6.0843900819541314,-3.6188e-05,-8.64e-06,1335.3833333333334,3.819411162009146,2.821571585671336,6.07269996101407,-0.0049411612241949,0.0068913450168235,7.769257174405908e-05,2022-10-22,2022-10-22,5.300000000000001,105.0
2022-10-22 17:38:09,2022-10-23 17:28:55,3873.514110822083,-5731.04509459877,-6.934698803409161,3.765065587765666,2.546725904795355,6.084423477867779,-4.2009e-05,-9.57e-06,1430.7666666666669,4.331992611850183,3.131809933513068,6.9403561567389,-0.005145877608585,0.0080877190449384,1.098100481122799e-05,2022-10-22,2022-10-22,5.300000000000001,105.0
2022-10-22 17:38:09,2022-10-23 17:28:55,3873.514110822083,-5731.04509459877,-6.934698803409161,3.765065587765666,2.546725904795355,6.084423477867779,-4.2009e-05,-9.57e-06,1430.7666666666669,4.331992611850183,3.131809933513068,6.9403561567389,-0.005145877608585,0.0080877190449384,1.098100481122799e-05,2022-10-22,2022-10-22,5.300000000000001,105.0
2022-11-03 03:04:29,2022-11-04 02:55:14,-2033.7752005390723,-6611.869615433293,-7.649454300538958,4.344935824938975,-1.3353098898527016,6.083978377668008,0.00025861,3.831e-05,1430.75,6.016744171916116,-1.5868452455797524,7.64698651822509,0.0032831462816833,0.0102618057604912,0.0002190896475022,2022-11-03,2022-11-03,5.0,125.3
2022-11-03 04:39:52,2022-11-04 02:55:14,-2032.9261614823477,-6612.177084265874,-6.518193416894351,4.345469119055211,-1.3337185055255625,6.0838812722849935,0.00035435,5.357e-05,1335.3666666666666,5.167705115191211,-1.2793764129983174,6.515725634580484,0.0027498521654472,0.0086704214333519,0.0003161950305168,2022-11-03,2022-11-03,5.0,125.3
2022-11-07 07:13:47,2022-11-08 05:29:11,-4013.054883242837,-5634.303070022653,3.862192568874883,3.7087040975683614,-2.6282146897514957,6.084247388242906,0.00054663,8.422e-05,1335.4,-2.1140081182979884,1.5609385227098755,-3.859814669364096,-0.0028705806396081,-0.0041578276710794,-8.425603770234602e-06,2022-11-07,2022-11-07,5.0,134.6
2022-11-07 07:13:47,2022-11-08 05:29:11,-4013.054883242837,-5634.303070022653,3.862192568874883,3.7087040975683614,-2.6282146897514957,6.084247388242906,0.00054663,8.422e-05,1335.4,-2.1140081182979884,1.5609385227098755,-3.859814669364096,-0.0028705806396081,-0.0041578276710794,-8.425603770234602e-06,2022-11-07,2022-11-07,5.0,134.6
2022-11-28 18:18:44,2022-11-29 18:09:32,-5134.060182056517,4636.146600190286,6.908648683785456,-3.035812324966808,-3.383057847968566,6.084091354676521,0.00013902,1.925e-05,1430.8,3.386097532702479,3.608372733379838,-6.9037511559484175,-0.0070867092212165,0.0062536171223692,8.815852980159633e-05,2022-11-28,2022-11-28,5.300000000000001,107.0
2022-11-30 10:03:23,2022-12-01 09:54:10,-4487.007268605327,5264.93239052523,-0.2585394057029022,-3.4543943740768417,-2.954461038148051,6.084038236674715,3.6241e-05,2.88e-06,1430.7833333333333,-0.3076540230313185,-0.3100001094171603,0.2589940106078907,0.000447301702017,-0.0002982255250589,0.0001579266837934,2022-11-30,2022-11-30,5.300000000000001,111.0
2022-11-30 11:38:46,2022-12-01 09:54:10,-4487.622731872577,5264.338307251931,0.8365170853695412,-3.453405202608502,-2.955574366688864,6.084130112434531,2.1791e-05,5.8e-07,1335.4,0.3078092442183333,0.2840831638823147,-0.8360624804645527,-0.0005418697663226,0.0008151030157539,6.605092397737877e-05,2022-11-30,2022-11-30,5.300000000000001,111.0
2022-11-30 19:35:42,2022-12-01 17:51:06,-4350.530666421419,5378.148923230517,2.6181960502154005,-3.527450932655269,-2.866890462121245,6.08411409818118,2.63e-05,1.3e-06,1335.4,1.3252505912159904,1.1291024895008377,-2.6149502644646945,-0.0019726263380244,0.0027294053869191,8.891157809909345e-05,2022-11-30,2022-11-30,5.300000000000001,111.0
2022-12-26 01:17:39,2022-12-27 01:08:26,6669.510845786129,1833.7002914916177,1.3569387078317827,-1.2134564964134338,4.380660690836297,6.08473282913922,-3.265e-05,-8.08e-06,1430.7833333333333,0.5257086307847203,-0.8517179105431296,-1.36041514799254,0.0025274711228717,0.0004525007069284,-0.0002015771900127,2022-12-26,2022-12-26,5.7,150.5
2022-12-26 18:46:54,2022-12-27 18:37:39,6765.483443017202,1440.2241861415423,-12.283075472098451,-0.9429742763736432,4.446587287726637,6.084714259559775,0.00010483,1.38e-05,1430.75,-2.173104475390573,9.033882113466916,12.27872879774687,-0.0168276620954062,-0.0033667126688348,0.0001357702396083,2022-12-26,2022-12-26,5.7,150.5
2023-01-15 01:24:09,2023-01-16 01:14:55,1844.2143691819488,-6667.172912726639,-16.54976551134262,4.382509769176451,1.2056578361184886,6.084256335799491,-9.0253e-05,-1.724e-05,1430.7666666666669,11.714694251314768,3.266663049097588,16.544706298393315,-0.0057369918011165,0.0216082818716274,-0.0002567890852702,2023-01-15,2023-01-15,5.0,234.3
2023-02-15 10:56:59,2023-02-16 10:47:45,-5636.910838898121,4012.3992372098337,-8.648140339551546,-2.635775051233584,-3.7021633818390582,6.082614303095254,0.00013309,1.83e-05,1430.7666666666669,-3.596693890237475,-5.473900957265414,8.65291737000886,0.0096368826984463,-0.0071501060684528,0.0001326797846896,2023-02-15,2023-02-15,5.300000000000001,173.7
2023-02-15 12:32:21,2023-02-16 10:47:45,-5642.208973114726,4004.552810741772,4.206027586431855,-2.621413911363181,-3.7125598393614863,6.0827596060541005,0.00026649,3.957e-05,1335.4,1.701440326367447,2.3725255107960947,-4.201250555974541,-0.0047242571719565,0.0032463514539746,-1.2623174156622952e-05,2023-02-15,2023-02-15,5.300000000000001,173.7
2023-02-15 15:43:06,2023-02-16 15:33:53,-5580.315528372936,4090.638006730227,6.711759134893952,-2.676141558240744,-3.673194152332799,6.08257911166132,0.0003014,4.514e-05,1430.7833333333333,2.808757882068676,3.724918100796458,-6.716011582209131,-0.0074098113280869,0.0052072916849641,-3.61817170482226e-05,2023-02-15,2023-02-15,5.300000000000001,173.7
2023-02-15 15:43:06,2023-02-16 15:33:53,-5580.315528372936,4090.638006730227,6.711759134893952,-2.676141558240744,-3.673194152332799,6.08257911166132,0.0003014,4.514e-05,1430.7833333333333,2.808757882068676,3.724918100796458,-6.716011582209131,-0.0074098113280869,0.0052072916849641,-3.61817170482226e-05,2023-02-15,2023-02-15,5.300000000000001,173.7
2023-02-16 10:47:45,2023-02-17 12:13:56,-5292.235821546259,4456.796198309635,7.5382303779085555,-2.9169421338974475,-3.485273541216775,6.082720277764139,0.00018815,2.708e-05,1526.1833333333334,3.604453119302889,3.874096160750923,-7.537254749315947,-0.0079354230375074,0.0064021275947139,0.0002766191990115,2023-02-16,2023-02-16,5.0,163.2
2023-02-16 12:23:08,2023-02-17 12:13:56,-5294.372417822901,4454.272715373739,11.937570379317718,-2.912336000007721,-3.489190215274477,6.082641670280154,8.74e-05,1.104e-05,1430.8,5.741049395945083,6.39757909664695,-11.93659475072511,-0.0125415569272337,0.0103188016524162,0.0003552266829967,2023-02-16,2023-02-16,5.0,163.2
2023-02-26 02:54:04,2023-02-27 02:44:51,-813.4177075108336,6870.813091533132,3.0055193852092,-4.512171538723819,-0.5443774114334885,6.082798351070395,0.00014318,1.992e-05,1430.7833333333333,2.1114574113057643,0.2089539651897212,-3.00471485307819,-0.0006253489817469,0.0042515971130749,-1.2914927062901428e-05,2023-02-26,2023-02-26,5.7,159.0
2023-02-26 12:26:22,2023-02-27 12:17:10,-610.1132451476824,6891.812539726087,17.988663002824005,-4.525250468713104,-0.4239385086705313,6.082611166589972,0.00052938,8.153e-05,1430.8,13.087578004227908,1.239504348528499,-17.990768441554415,-0.0020484938868809,0.0243045025955119,5.922963273885529e-05,2023-02-26,2023-02-26,5.7,159.0
2023-02-26 12:26:22,2023-02-27 12:17:10,-610.1132451476824,6891.812539726087,17.988663002824005,-4.525250468713104,-0.4239385086705313,6.082611166589972,0.00052938,8.153e-05,1430.8,13.087578004227908,1.239504348528499,-17.990768441554415,-0.0020484938868809,0.0243045025955119,5.922963273885529e-05,2023-02-26,2023-02-26,5.7,159.0
2023-02-27 02:44:51,2023-02-28 02:35:38,-276.0233136877312,6913.254170780339,2.297307090185344,-4.541000801685819,-0.190555641717597,6.082766717797445,0.00019914,2.883e-05,1430.7833333333333,1.560008154620789,0.1701432569780081,-2.3051277784107502,4.681022116592715e-06,0.0027222714455696,-8.402192810486042e-05,2023-02-27,2023-02-27,6.7,161.2
2023-02-27 12:17:10,2023-02-28 12:07:56,-63.90644162042626,6918.533545025004,6.631447280257024,-4.544579547623374,-0.0552901375163454,6.082655528012488,0.00063424,9.827e-05,1430.7666666666669,4.882365681448086,-0.0097355476718803,-6.632054734097153,-0.0001195614237836,0.0089797226276856,7.983573003400579e-05,2023-02-27,2023-02-27,6.7,161.2
2023-02-27 12:17:10,2023-02-28 12:07:56,-63.90644162042626,6918.533545025004,6.631447280257024,-4.544579547623374,-0.0552901375163454,6.082655528012488,0.00063424,9.827e-05,1430.7666666666669,4.882365681448086,-0.0097355476718803,-6.632054734097153,-0.0001195614237836,0.0089797226276856,7.983573003400579e-05,2023-02-27,2023-02-27,6.7,161.2
2023-02-28 02:35:38,2023-03-01 02:26:25,256.55080665036,6914.089354307179,10.253573782324112,-4.542360895562051,0.1519661292405525,6.082653186221711,0.00050058,7.692e-05,1430.7833333333333,7.340901821817226,0.1788147972074512,-10.254276313069878,0.0009165652091676,0.013807805799858,-0.0001435556209976,2023-02-28,2023-02-28,5.7,160.9
2023-02-28 18:29:30,2023-03-01 18:20:18,623.05436270141,6890.512498355397,-0.0524583223132429,-4.5272444585968845,0.400661573503962,6.083070081926664,-0.00039496,-6.567e-05,1430.8,-0.7889362458705591,0.6015583323132887,0.0529741184402279,0.0004959967891693,0.0007667686667002,-0.0003905103378949,2023-02-28,2023-02-28,5.7,160.9
2023-02-28 18:29:30,2023-03-01 18:20:18,623.05436270141,6890.512498355397,-0.0524583223132429,-4.5272444585968845,0.400661573503962,6.083070081926664,-0.00039496,-6.567e-05,1430.8,-0.7889362458705591,0.6015583323132887,0.0529741184402279,0.0004959967891693,0.0007667686667002,-0.0003905103378949,2023-02-28,2023-02-28,5.7,160.9
2023-03-15 05:03:34,2023-03-16 06:29:45,6507.766853292008,2349.1098469050103,22.023674900807165,-1.568148845962684,4.265573614165438,6.082828469776559,0.0010726,0.00016836,1526.1833333333334,5.287059085806504,-15.213407845727488,-22.0235381608665,0.0280465798624993,0.0103360257034772,0.0002961506191017,2023-03-15,2023-03-15,5.7,135.7
2023-03-15 05:03:34,2023-03-16 06:29:45,6507.766853292008,2349.1098469050103,22.023674900807165,-1.568148845962684,4.265573614165438,6.082828469776559,0.0010726,0.00016836,1526.1833333333334,5.287059085806504,-15.213407845727488,-22.0235381608665,0.0280465798624993,0.0103360257034772,0.0002961506191017,2023-03-15,2023-03-15,5.7,135.7
2023-03-23 03:49:52,2023-03-24 02:05:16,6672.041997765938,-1831.3023336405056,4.631564893265293,1.1917992305611669,4.385619276209889,6.082938891498623,0.00035902,5.431e-05,1335.4,-0.9065517470271516,-3.154427937402488,-4.633011737666015,0.0062142961999529,-0.0016258607896544,-3.110699312358633e-06,2023-03-23,2023-03-23,7.0,151.0
2023-03-23 03:49:52,2023-03-24 02:05:16,6672.041997765938,-1831.3023336405056,4.631564893265293,1.1917992305611669,4.385619276209889,6.082938891498623,0.00035902,5.431e-05,1335.4,-0.9065517470271516,-3.154427937402488,-4.633011737666015,0.0062142961999529,-0.0016258607896544,-3.110699312358633e-06,2023-03-23,2023-03-23,7.0,151.0
2023-03-23 21:19:07,2023-03-24 21:09:53,6542.884704486245,-2250.298011556159,-5.119391814106873,1.4754095419088855,4.298442731627971,6.082679436485037,0.00015075,2.112e-05,1430.7666666666669,1.1403486426670495,4.472838224477982,5.125717916190098,-0.0071387293552849,0.0026944440940726,0.0003317136571459,2023-03-23,2023-03-23,7.0,151.0
2023-03-24 21:09:53,2023-03-25 21:00:41,6352.338252154256,-2741.519649252205,9.602640528593112,1.786331544933031,4.179081983049015,6.0829726251626735,0.00010731,1.421e-05,1430.8,-2.843493326801763,-6.850610272836093,-9.604062486604512,0.0120535913357342,-0.0051559282039193,-0.0001026419752099,2023-03-24,2023-03-24,8.0,157.5
2023-03-24 21:09:53,2023-03-25 21:00:41,6352.338252154256,-2741.519649252205,9.602640528593112,1.786331544933031,4.179081983049015,6.0829726251626735,0.00010731,1.421e-05,1430.8,-2.843493326801763,-6.850610272836093,-9.604062486604512,0.0120535913357342,-0.0051559282039193,-0.0001026419752099,2023-03-24,2023-03-24,8.0,157.5
2023-04-23 05:25:46,2023-04-24 05:16:33,-6279.050837953505,-2905.5826934937413,-4.7406797819280415,1.9116583932734523,-4.123421220796642,6.082854714948283,-0.00019,-3.309e-05,1430.7833333333333,1.491090644225551,-3.7008561038032894,4.737061853675154,0.0056131517455395,0.0029319830461567,-0.0001798047198242,2023-04-23,2023-04-23,8.3,135.2
2023-05-06 08:12:08,2023-05-07 06:27:31,-5752.825926888663,3843.647507871854,-4.441134592980253,-2.521878533928578,-3.781125028009658,6.082860204537443,5.3381e-05,5.62e-06,1335.3833333333334,-1.9037399968319733,-2.836149769944768,4.446294032548964,0.0051141457756913,-0.0033753840512931,2.1355861292704503e-06,2023-05-06,2023-05-06,6.0,151.8
2023-05-06 08:12:08,2023-05-07 06:27:31,-5752.825926888663,3843.647507871854,-4.441134592980253,-2.521878533928578,-3.781125028009658,6.082860204537443,5.3381e-05,5.62e-06,1335.3833333333334,-1.9037399968319733,-2.836149769944768,4.446294032548964,0.0051141457756913,-0.0033753840512931,2.1355861292704503e-06,2023-05-06,2023-05-06,6.0,151.8
2023-05-10 07:35:17,2023-05-11 07:26:03,-4267.861515883332,5445.699560037499,-8.573330776023921,-3.577165364516587,-2.803453628358168,6.082819414371454,5.0127e-05,5.1e-06,1430.7666666666669,-5.480113322138095,-3.838315817628427,8.56643710828997,0.0075337427537394,-0.0093613659289584,-0.0004136412369586,2023-05-10,2023-05-10,5.300000000000001,170.1
2023-05-10 17:07:35,2023-05-11 16:58:23,-4104.90305117227,5569.592343384664,5.642895835115802,-3.651088257890573,-2.706471255916639,6.082782943252352,8.0664e-05,9.96e-06,1430.8,3.216134596263146,2.933899688031488,-5.639718490857411,-0.0044665810745252,0.0063556206274126,-0.0004497189752363,2023-05-10,2023-05-10,5.300000000000001,170.1
2023-05-12 05:41:28,2023-05-13 05:32:15,-3406.732452491592,6022.019055109127,-2.776253603424805,-3.953275004922716,-2.2423340687600084,6.08272088595019,8.6814e-05,1.094e-05,1430.7833333333333,-1.8930856137590129,-1.1858166115935092,2.771588045118935,0.0019118311274732,-0.0034146170515123,9.140623799641644e-05,2023-05-12,2023-05-12,5.300000000000001,149.1
2023-05-12 16:49:10,2023-05-13 16:39:57,-3187.7588986582,6140.711049559195,0.2297218712189516,-4.030195491522742,-2.100927398230623,6.082747260697071,0.00014599,2.036e-05,1430.7833333333333,0.0581862711774192,-0.0395173260767478,-0.2296689316898356,-9.932566792691944e-05,0.0001970342340675,8.524771975793044e-05,2023-05-12,2023-05-12,5.300000000000001,149.1
2023-05-20 20:21:35,2023-05-21 20:12:24,1086.883261914959,6832.845111081141,16.710994648512866,-4.491783181728493,0.6920355332959831,6.082909862136759,7.572e-05,9.18e-06,1430.8166666666666,11.956130702834573,-1.952109477699196,-16.71007761558766,0.0035811887085861,0.0224498548269741,0.0001748588723007,2023-05-20,2023-05-20,5.7,169.6
2023-05-21 02:43:07,2023-05-22 02:33:56,1227.5741658795455,6808.908718062095,17.81955274309897,-4.476776175433575,0.7835854224593821,6.082947676573901,9.6604e-05,1.25e-05,1430.8166666666666,12.97054845984485,-2.168856470782885,-17.824021403747047,0.0044827569988772,0.0239606882924227,3.4047453461028e-06,2023-05-21,2023-05-21,5.7,163.4
2023-05-21 05:53:53,2023-05-22 05:44:42,1297.2665715857186,6796.15365797107,19.344604939240096,-4.468690105718507,0.8280643902634516,6.082743366153588,0.00017277,2.464e-05,1430.8166666666666,14.031295612656322,-2.691814576673096,-19.34018220472382,0.0049364379321401,0.025927686496657,0.0001350017558188,2023-05-21,2023-05-21,5.7,163.4
2023-06-15 11:35:52,2023-06-16 09:51:16,5740.975941390825,-3861.68025854616,-0.705210816284117,2.530923566858781,3.774703087722147,6.08283765319958,2.9956e-05,1.89e-06,1335.4,0.1447496968939958,0.6178877688489592,0.7015951900284049,-0.0007662424588965,0.0006086076847777,0.0002365479147803,2023-06-15,2023-06-15,5.300000000000001,153.1
2023-06-15 17:57:25,2023-06-16 17:48:10,5634.473580347765,-4015.3841347422513,-10.691454714368048,2.6391419814277426,3.6997729840856497,6.082929478667429,7.2115e-05,8.6e-06,1430.75,4.566911763722601,6.715503797510792,10.69538931478333,-0.0119403028958151,0.0086336894077954,0.0001365766053105,2023-06-15,2023-06-15,5.300000000000001,153.1
2023-06-15 17:57:25,2023-06-16 17:48:10,5634.473580347765,-4015.3841347422513,-10.691454714368048,2.6391419814277426,3.6997729840856497,6.082929478667429,7.2115e-05,8.6e-06,1430.75,4.566911763722601,6.715503797510792,10.69538931478333,-0.0119403028958151,0.0086336894077954,0.0001365766053105,2023-06-15,2023-06-15,5.300000000000001,153.1
2023-06-16 17:48:10,2023-06-17 16:03:36,5342.285374793997,-4396.325519309837,19.462648330512355,2.8689623759464555,3.524802038811137,6.083007343815093,0.00022118,3.236e-05,1335.4333333333334,-9.27145569595723,-11.142656272712884,-19.466183473381104,0.0206754492409975,-0.0168241641614117,0.0001388451086752,2023-06-16,2023-06-16,6.0,157.2
2023-06-16 17:48:10,2023-06-17 16:03:36,5342.285374793997,-4396.325519309837,19.462648330512355,2.8689623759464555,3.524802038811137,6.083007343815093,0.00022118,3.236e-05,1335.4333333333334,-9.27145569595723,-11.142656272712884,-19.466183473381104,0.0206754492409975,-0.0168241641614117,0.0001388451086752,2023-06-16,2023-06-16,6.0,157.2
2023-06-25 00:31:25,2023-06-26 00:22:12,1558.236835810598,-6741.041511093555,9.025663278451484,4.424677230706724,1.038638752219277,6.082700940995397,0.00046722,7.159e-05,1430.7833333333333,-6.281382749244813,-1.2981069101815592,-9.027401730114743,0.0027502213933523,-0.011891094094375,0.0002839505927445,2023-06-25,2023-06-25,5.0,154.8
2023-09-02 12:11:01,2023-09-03 12:01:47,6050.756054496883,-3355.0745057154263,-5.584097356689085,2.201321829842948,3.975959936388157,6.0831267068258725,9.9545e-05,1.297e-05,1430.7666666666669,2.15541328962172,3.88113491707054,5.584309542632129,-0.0066611731201438,0.0037542213352774,-7.731652270415168e-05,2023-09-02,2023-09-02,5.300000000000001,131.2
2023-09-02 13:46:24,2023-09-03 12:01:47,6049.92461174706,-3356.141536413405,-7.570810593955027,2.203840964629164,3.974776492834199,6.08328559256715,0.00025656,3.796e-05,1335.3833333333334,2.9868560394443198,4.94816561504922,7.571022779898071,-0.0091803079063597,0.004937664889236,-0.0002362022639816,2023-09-02,2023-09-02,5.300000000000001,131.2
2023-09-02 13:46:24,2023-09-03 12:01:47,6049.92461174706,-3356.141536413405,-7.570810593955027,2.203840964629164,3.974776492834199,6.08328559256715,0.00025656,3.796e-05,1335.3833333333334,2.9868560394443198,4.94816561504922,7.571022779898071,-0.0091803079063597,0.004937664889236,-0.0002362022639816,2023-09-02,2023-09-02,5.300000000000001,131.2
2023-09-02 23:18:42,2023-09-03 23:09:29,5929.081698023348,-3565.6005288326523,5.166797211230345,2.331672332535778,3.901034962876693,6.083108208065043,6.4889e-05,7.45e-06,1430.7833333333333,-2.0528789836735086,-3.1442400239675408,-5.169809625032929,0.0062180048345013,-0.0035769880783305,0.0001252979637333,2023-09-02,2023-09-02,5.300000000000001,131.2
2023-09-03 12:01:47,2023-09-04 11:52:36,5781.285993730699,-3800.64457224094,18.044245975153164,2.4769269297848906,3.8105109019483465,6.08297737073049,7.9601e-05,9.8e-06,1430.8166666666666,-7.401897095772256,-11.104407686617378,-18.04788272116282,0.0206880787931349,-0.0135184027081902,0.000200643405849,2023-09-03,2023-09-03,5.300000000000001,130.5
2023-09-03 23:09:29,2023-09-04 23:00:17,5634.547919850392,-4014.715436617013,7.070467961008172,2.626068491395501,3.7093942806472864,6.083187949660431,9.5172e-06,-1.36e-06,1430.8,-2.9763163917032216,-4.318639264899503,-7.06672260493077,0.0077899951372852,-0.0057073097126201,1.608945593467581e-05,2023-09-03,2023-09-03,5.300000000000001,130.5
2023-09-12 09:03:29,2023-09-13 10:29:39,1958.1268486781844,-6635.92939983304,2.986836357598655,4.356086400458323,1.2961470111133997,6.0828269973773645,0.00023641,3.477e-05,1526.1666666666667,-2.107341737283832,-0.6392033636075212,-2.984478720824197,0.0011196072588175,-0.0039280316818086,1.7534607286151527e-05,2023-09-12,2023-09-12,5.300000000000001,153.5
2023-09-12 12:14:15,2023-09-13 10:29:39,1959.35682003461,-6635.590730363162,4.736790832837444,4.355359938470687,1.2983931751173663,6.082832713432492,0.00021015,3.059e-05,1335.4,-3.337313093709554,-0.9778728334858896,-4.7344331960629855,0.0018460692464534,-0.0061741956857752,1.181855215914851e-05,2023-09-12,2023-09-12,5.300000000000001,153.5
2023-09-24 08:48:18,2023-09-25 07:03:41,-4147.507495030043,-5537.937479429292,-4.02977915917339,3.640060169685019,-2.721005919348357,6.082902659862155,1.1632e-05,-1.03e-06,1335.3833333333334,2.364264824835118,-1.575792585437739,4.027415363654074,0.003379591061785,0.0042406458567061,6.616398931402756e-05,2023-09-24,2023-09-24,5.7,173.7
2023-09-24 08:48:18,2023-09-25 07:03:41,-4147.507495030043,-5537.937479429292,-4.02977915917339,3.640060169685019,-2.721005919348357,6.082902659862155,1.1632e-05,-1.03e-06,1335.3833333333334,2.364264824835118,-1.575792585437739,4.027415363654074,0.003379591061785,0.0042406458567061,6.616398931402756e-05,2023-09-24,2023-09-24,5.7,173.7
2023-09-26 03:43:42,2023-09-27 01:59:06,-4874.845220839602,-4909.547914887735,6.53234160953075,3.234625026844349,-3.1926615206601925,6.082975808800967,0.00031649,4.754e-05,1335.4,-3.693059185698985,3.3502528521376007,-6.538372178847553,-0.0065901483993,-0.0064434776232777,-0.0001519198616382,2023-09-26,2023-09-26,5.0,164.9
2023-10-05 03:56:09,2023-10-06 03:46:57,-6896.272377749558,-553.427067595642,26.3899317145606,0.3942423616960402,-4.528023088822431,6.0828652626868855,0.001542,0.0002436,1430.8,-1.9254737028604725,19.43737118827676,-26.383394153254574,-0.0358263909559963,-0.0025863169343285,-2.665012168012737e-05,2023-10-05,2023-10-05,5.0,156.1
2023-10-05 03:56:09,2023-10-06 03:46:57,-6896.272377749558,-553.427067595642,26.3899317145606,0.3942423616960402,-4.528023088822431,6.0828652626868855,0.001542,0.0002436,1430.8,-1.9254737028604725,19.43737118827676,-26.383394153254574,-0.0358263909559963,-0.0025863169343285,-2.665012168012737e-05,2023-10-05,2023-10-05,5.0,156.1
2023-10-05 23:00:47,2023-10-06 21:16:12,-6917.457375326828,-149.48990047799265,13.562144409584514,0.1177719227902348,-4.543196379186397,6.0824907217760416,0.00051999,8e-05,1335.4166666666667,-0.2321936325224669,10.032269058650115,-13.561868236697416,-0.0184127255850657,-0.0002911049053437,0.0001589075602517,2023-10-05,2023-10-05,5.0,156.1
2023-10-21 18:57:59,2023-10-22 18:48:46,-2344.2565500915434,6509.555668602803,3.0848778228716,-4.272427021180438,-1.5494344269486715,6.082930030236529,-0.00013679,-2.465e-05,1430.7833333333333,2.0581081713135063,0.6593356500843583,-3.0925128210390747,-0.0014324348184748,0.0038414697004414,8.59085474980148e-05,2023-10-21,2023-10-21,5.0,122.6
2023-10-21 18:57:59,2023-10-22 18:48:46,-2344.2565500915434,6509.555668602803,3.0848778228716,-4.272427021180438,-1.5494344269486715,6.082930030236529,-0.00013679,-2.465e-05,1430.7833333333333,2.0581081713135063,0.6593356500843583,-3.0925128210390747,-0.0014324348184748,0.0038414697004414,8.59085474980148e-05,2023-10-21,2023-10-21,5.0,122.6
2023-11-05 13:28:59,2023-11-06 11:44:22,4993.088128974671,4789.317893175321,5.518934525449812,-3.1549208781372893,3.271058189777692,6.083074055252607,0.00055937,8.631e-05,1335.3833333333334,2.3862974617431973,-3.19507024442828,-5.517547145834135,0.0052899713503813,0.0057884280337097,0.0004748129220875,2023-11-05,2023-11-05,7.300000000000001,154.8
2023-11-05 13:28:59,2023-11-06 11:44:22,4993.088128974671,4789.317893175321,5.518934525449812,-3.1549208781372893,3.271058189777692,6.083074055252607,0.00055937,8.631e-05,1335.3833333333334,2.3862974617431973,-3.19507024442828,-5.517547145834135,0.0052899713503813,0.0057884280337097,0.0004748129220875,2023-11-05,2023-11-05,7.300000000000001,154.8
2023-11-06 11:44:22,2023-11-07 11:35:12,5356.99376776482,4378.115906128124,-8.808596377443076,-2.8758233113591216,3.5194596597549643,6.083414344794817,-0.0022192,-0.00035391,1430.8333333333333,-4.112647531475886,5.28753409872752,8.80736841949989,-0.0093363470514491,-0.0081184528528437,-0.0001575007787497,2023-11-06,2023-11-06,5.7,146.2
2023-11-06 13:19:45,2023-11-07 11:35:12,5356.433976661832,4379.548549415554,-6.3827682619523065,-2.8780227859228384,3.5169964104572378,6.083149323959631,-0.0021832,-0.00034821,1335.45,-3.552856428487757,3.854890811297992,6.381540304009121,-0.0071368724877323,-0.0056552035551171,0.0001075200564359,2023-11-06,2023-11-06,5.7,146.2
2023-11-06 22:52:06,2023-11-07 22:42:54,5513.318240148649,4180.290472709351,-9.963084058485922,-2.7446348147488613,3.6219493161842142,6.08312346501251,-0.00066347,-0.00010821,1430.8,-4.920080290531587,6.250279946428236,9.959322946811334,-0.0113185932903729,-0.0084853203424617,-8.347727027846474e-06,2023-11-06,2023-11-06,5.7,146.2
2023-11-07 11:35:12,2023-11-08 13:01:22,5694.192701585759,3929.490668696404,8.796080370079574,-2.5938596664893336,3.731788894045028,6.083310860869889,0.0022915,0.00036356,1526.1666666666667,3.620699733171023,-4.878570928730824,-8.79838106776616,0.009655390933545,0.0065242686013387,-0.0001152902594201,2023-11-07,2023-11-07,5.0,145.1
2023-11-07 13:10:35,2023-11-08 13:01:22,5694.095226242635,3929.872889017018,8.986915291475992,-2.594169764972249,3.7315354804967775,6.083157087440482,0.0021274,0.00033724,1430.7833333333333,3.718175076294756,-5.260791249344948,-8.989215989162577,0.0099654894164604,0.0067776821495879,3.848316998666945e-05,2023-11-07,2023-11-07,5.0,145.1
2023-11-07 22:42:54,2023-11-08 22:33:40,5815.307180253471,3748.3977740610826,4.9152916975118,-2.472183606368157,3.813259057699746,6.083128032258112,0.0014046,0.00022142,1430.7666666666669,2.046761122282988,-2.8561248457126567,-4.910981494021431,0.0056307336056691,0.003523581638722,-0.0001142040682386,2023-11-07,2023-11-07,5.0,145.1
2023-11-13 20:12:12,2023-11-14 20:02:59,6876.853259593454,762.6082963323255,3.0707580483884094,-0.5113047667725422,4.515502468492682,6.082902766722796,0.000133,1.83e-05,1430.7833333333333,0.0782756117023382,-2.411602301010248,-3.064825692292341,0.0043970238045567,0.0007725177148332,7.087991119458792e-05,2023-11-13,2023-11-13,5.0,132.7
2023-11-13 20:12:12,2023-11-14 20:02:59,6876.853259593454,762.6082963323255,3.0707580483884094,-0.5113047667725422,4.515502468492682,6.082902766722796,0.000133,1.83e-05,1430.7833333333333,0.0782756117023382,-2.411602301010248,-3.064825692292341,0.0043970238045567,0.0007725177148332,7.087991119458792e-05,2023-11-13,2023-11-13,5.0,132.7
2023-11-25 04:03:10,2023-11-26 05:29:19,4902.847767275689,-4882.1481840272,-6.764801142225004,3.2051568681695604,3.2214871407476475,6.082874241866867,6.7598e-05,7.88e-06,1526.15,3.321056835352465,3.8815930686751017,6.76313696480549,-0.0062513181064516,0.0066878050215497,0.0002267576674652,2023-11-25,2023-11-25,6.300000000000001,176.4
2023-11-25 07:13:56,2023-11-26 05:29:19,4904.093889777807,-4880.134115212047,-3.7463002973338457,3.202439721422983,3.224696323738319,6.083333834357236,0.00012401,1.686e-05,1335.3833333333334,2.074934333234524,1.8675242535218783,3.744636119914332,-0.0035341713598744,0.0034786220308782,-0.0002328348229037,2023-11-25,2023-11-25,6.300000000000001,176.4
2023-11-25 23:07:46,2023-11-26 22:58:35,4629.950527277745,-5141.391394292294,18.18042250042026,3.361156341779008,3.0587537143485424,6.082906503582297,0.00016265,2.302e-05,1430.8166666666666,-10.092645270266985,-9.074260312796468,-18.175837615265,0.0168599410206646,-0.0185287243673681,4.000467099807281e-05,2023-11-25,2023-11-25,6.300000000000001,176.4
2023-12-01 06:18:38,2023-12-02 04:34:01,2183.052275819181,-6565.699944425783,-1.2315103304011783,4.310078028148372,1.4401389819401889,6.082789909578062,5.3617e-05,5.66e-06,1335.3833333333334,1.029054802769224,1.0576057898524596,1.2281370517547667,-0.0001440745242602,0.0020437240061559,0.0005040367576327,2023-12-01,2023-12-01,6.7,162.0
2023-12-01 06:18:38,2023-12-02 04:34:01,2183.052275819181,-6565.699944425783,-1.2315103304011783,4.310078028148372,1.4401389819401889,6.082789909578062,5.3617e-05,5.66e-06,1335.3833333333334,1.029054802769224,1.0576057898524596,1.2281370517547667,-0.0001440745242602,0.0020437240061559,0.0005040367576327,2023-12-01,2023-12-01,6.7,162.0
2023-12-02 04:34:01,2023-12-03 02:49:26,1716.71977774721,-6701.999345614231,20.876473554028543,4.39618977237527,1.1531476804724003,6.083226787812956,0.00061653,9.547e-05,1335.4166666666667,-15.652541981721924,-4.392897363585689,-20.87192917705522,0.0069746356547355,-0.0281852059033163,-0.0001425936243562,2023-12-02,2023-12-02,5.300000000000001,148.2
2023-12-02 04:34:01,2023-12-03 02:49:26,1716.71977774721,-6701.999345614231,20.876473554028543,4.39618977237527,1.1531476804724003,6.083226787812956,0.00061653,9.547e-05,1335.4166666666667,-15.652541981721924,-4.392897363585689,-20.87192917705522,0.0069746356547355,-0.0281852059033163,-0.0001425936243562,2023-12-02,2023-12-02,5.300000000000001,148.2
2023-12-17 19:45:04,2023-12-18 19:35:52,-5747.908984074377,-3851.574022005913,10.184878434158088,2.543533227689745,-3.7661062877341154,6.082695935459182,-4.287e-05,-9.7e-06,1430.8,-3.5145239640005457,6.916620392657478,-10.19093033211756,-0.0111548779949917,-0.0081814916136964,0.0008946464721848,2023-12-17,2023-12-17,5.300000000000001,154.6
2023-12-17 21:20:27,2023-12-18 19:35:52,-5747.449930299673,-3852.2007513545104,10.92147228171457,2.5445054058042205,-3.7654384233726033,6.082743337944759,-1.3559e-05,-5.04e-06,1335.4166666666667,-3.973577738704989,7.543349741254588,-10.927524179674045,-0.0121270561094672,-0.0088493559752085,0.000847243986608,2023-12-17,2023-12-17,5.300000000000001,154.6
2023-12-17 22:55:50,2023-12-18 21:11:15,-5767.887385302493,-3821.328968079912,9.714284649331386,2.5236316958891005,-3.779597841893815,6.082817930335452,9.9391e-05,1.294e-05,1335.4166666666667,-3.409390381866615,6.331777161156879,-9.717804319512286,-0.0108270225740261,-0.0076979420032321,0.0006044221709622,2023-12-17,2023-12-17,5.300000000000001,154.6
2023-12-18 19:35:52,2023-12-19 19:26:39,-6033.542408339672,-3384.8710233572738,-1.1680413605375026,2.2297270917832623,-3.960575266518785,6.083542417176477,7.7661e-05,9.48e-06,1430.7833333333333,-0.0661930867709088,-1.2795072170242747,1.1657656321132863,0.0011928099426721,0.000882316079755,-0.0007574925639746,2023-12-18,2023-12-18,5.300000000000001,161.4
2023-12-18 21:11:15,2023-12-19 19:26:39,-6032.254834234943,-3387.435529845686,2.400678496937842,2.2340352875478304,-3.958107354784095,6.083373504214106,-5.872e-05,-1.223e-05,1335.4,-1.3537671915000828,1.2849992713877327,-2.402954225362058,-0.0031153858218959,-0.0015855956549351,-0.0005885796016036,2023-12-18,2023-12-18,5.300000000000001,161.4
2023-12-18 21:11:15,2023-12-19 19:26:39,-6032.254834234943,-3387.435529845686,2.400678496937842,2.2340352875478304,-3.958107354784095,6.083373504214106,-5.872e-05,-1.223e-05,1335.4,-1.3537671915000828,1.2849992713877327,-2.402954225362058,-0.0031153858218959,-0.0015855956549351,-0.0005885796016036,2023-12-18,2023-12-18,5.300000000000001,161.4
2024-03-03 04:44:47,2024-03-04 04:35:33,-4367.140512814066,-5366.304185323168,-6.3424340338892495,3.52624582552607,-2.8669618787503066,6.08305352832049,2.7559e-05,1.51e-06,1430.7666666666669,3.6968877333638375,-2.8364166431474587,6.343286483715523,0.005516198050917,0.0065614182290638,5.814246458513139e-05,2024-03-03,2024-03-03,6.300000000000001,145.5
2024-03-03 04:44:47,2024-03-04 04:35:33,-4367.140512814066,-5366.304185323168,-6.3424340338892495,3.52624582552607,-2.8669618787503066,6.08305352832049,2.7559e-05,1.51e-06,1430.7666666666669,3.6968877333638375,-2.8364166431474587,6.343286483715523,0.005516198050917,0.0065614182290638,5.814246458513139e-05,2024-03-03,2024-03-03,6.300000000000001,145.5
2024-03-23 20:45:07,2024-03-24 20:35:53,-5148.894450695022,4621.954919865832,-5.860767195572961,-3.033917746333909,-3.383457197320366,6.082730824506114,1.9836e-06,-2.56e-06,1430.7666666666669,-2.718157183888252,-3.133528830362593,5.861229707670674,0.0057779171701799,-0.0051478709849073,7.84004135567784e-05,2024-03-23,2024-03-23,5.7,210.7
2024-03-23 20:45:07,2024-03-24 20:35:53,-5148.894450695022,4621.954919865832,-5.860767195572961,-3.033917746333909,-3.383457197320366,6.082730824506114,1.9836e-06,-2.56e-06,1430.7666666666669,-2.718157183888252,-3.133528830362593,5.861229707670674,0.0057779171701799,-0.0051478709849073,7.84004135567784e-05,2024-03-23,2024-03-23,5.7,210.7
2024-03-24 11:03:33,2024-03-25 12:29:46,-4920.1734202738935,4864.157956290386,29.220650927724183,-3.171446413124495,-3.255411229546374,6.082842628330408,0.00017295,2.468e-05,1526.2166666666667,15.000354655533556,15.544762024249394,-29.213803076440406,-0.0282547197820668,0.0281404979888835,-5.0733585471363085e-05,2024-03-24,2024-03-24,8.3,195.1
2024-03-24 11:03:33,2024-03-25 12:29:46,-4920.1734202738935,4864.157956290386,29.220650927724183,-3.171446413124495,-3.255411229546374,6.082842628330408,0.00017295,2.468e-05,1526.2166666666667,15.000354655533556,15.544762024249394,-29.213803076440406,-0.0282547197820668,0.0281404979888835,-5.0733585471363085e-05,2024-03-24,2024-03-24,8.3,195.1
2024-03-24 20:35:53,2024-03-25 20:26:43,-4789.653418265582,4993.136575757561,24.036660867469102,-3.259782033334476,-3.1665504101908213,6.082716304417026,8.1095e-06,-1.59e-06,1430.8333333333333,13.069930826755808,12.055123112911131,-24.037668987958373,-0.0224045610378729,0.0229485753734204,0.0004232050736998,2024-03-24,2024-03-24,8.3,195.1
2024-03-25 12:29:46,2024-03-26 12:20:34,-4514.73282676754,5243.070951328449,7.078018297918218,-3.4347226635835937,-2.9759000324555407,6.082746965840197,0.00010756,1.424e-05,1430.8,4.181786630937495,3.219462593692697,-7.0735166244647845,-0.0063547096244538,0.0069761378473449,0.000229449254788,2024-03-25,2024-03-25,5.0,190.1
2024-04-16 04:20:52,2024-04-17 04:11:38,5773.9068725213165,3812.368586186618,-1.576621631250955,-2.509071737350271,3.788903690821016,6.082947349815266,2.7221e-05,1.45e-06,1430.7666666666669,-1.2165753264780506,1.7886131584896248,1.5785475695786202,-0.0025187871920326,-0.0014901348586056,-9.23774231740282e-05,2024-04-16,2024-04-16,5.300000000000001,198.7
2024-04-26 09:10:18,2024-04-27 09:01:05,6759.257226410303,-1476.877633368827,2.904052901332391,0.960212037970376,4.4420328160813805,6.083090646268113,0.00019292,2.784e-05,1430.7833333333333,-0.2491815470666551,-1.9510696684355933,-2.9007226537227253,0.0035448938946855,-0.000719872256111,-0.0002587590447848,2024-04-26,2024-04-26,5.0,152.6
2024-04-26 09:10:18,2024-04-27 09:01:05,6759.257226410303,-1476.877633368827,2.904052901332391,0.960212037970376,4.4420328160813805,6.083090646268113,0.00019292,2.784e-05,1430.7833333333333,-0.2491815470666551,-1.9510696684355933,-2.9007226537227253,0.0035448938946855,-0.000719872256111,-0.0002587590447848,2024-04-26,2024-04-26,5.0,152.6
2024-05-02 20:58:05,2024-05-03 19:13:29,5208.281865978626,-4554.355354501015,2.9425965425245826,2.9841215010893034,3.427999817121752,6.082927485122788,0.00016247,2.299e-05,1335.4,-1.3577342809376205,-1.456480541287419,-2.940521172599098,0.0029950188974754,-0.0024684966851307,-1.3738791695416808e-06,2024-05-02,2024-05-02,6.7,141.9
2024-05-10 18:08:59,2024-05-11 19:35:07,1530.0140814477854,-6747.269279227231,-8.86397171360903,4.432380691562658,1.0048007941941903,6.0831301460455744,0.00014184,1.971e-05,1526.1333333333334,6.591881836892981,1.1067628182299811,8.86687969746998,-0.0028924424276803,0.0121010422035721,-0.0004653833222754,2024-05-10,2024-05-10,8.700000000000001,223.4
2024-05-10 18:08:59,2024-05-11 19:35:07,1530.0140814477854,-6747.269279227231,-8.86397171360903,4.432380691562658,1.0048007941941903,6.0831301460455744,0.00014184,1.971e-05,1526.1333333333334,6.591881836892981,1.1067628182299811,8.86687969746998,-0.0028924424276803,0.0121010422035721,-0.0004653833222754,2024-05-10,2024-05-10,8.700000000000001,223.4
2024-05-16 12:27:32,2024-05-17 12:18:19,-1520.3754287777897,-6749.5698951738295,8.307781887008003,4.4370223069373,-0.9841870522031786,6.082905829414976,0.00080366,0.00012529,1430.7833333333333,-5.286924935714524,1.0006956136485314,-8.312631179976696,-0.0025816627451948,-0.0107310775685212,-4.535436450403552e-05,2024-05-16,2024-05-16,6.0,207.2
2024-05-17 01:10:37,2024-05-18 01:01:24,-1798.990524366826,-6680.6914624623,8.493660140843723,4.392462941173751,-1.1670407065884656,6.082936488816024,0.00070769,0.00010997,1430.7833333333333,-5.706923504146516,1.6777622602385236,-8.490198531402628,-0.0026598960452464,-0.0104282377497721,0.0001831861000756,2024-05-17,2024-05-17,6.0,204.1
2024-05-17 12:18:19,2024-05-18 13:44:29,-2078.8376658778543,-6599.203816389543,2.06602972386975,4.337439026978494,-1.3566927449173949,6.0828335120353785,0.00021541,3.142e-05,1526.1666666666667,-1.6262544872342914,0.7234466575037004,-2.061407719553668,-0.0008801504784843,-0.0033825373604945,0.0001709635636402,2024-05-17,2024-05-17,6.0,204.1
2024-05-17 12:18:19,2024-05-18 13:44:29,-2078.8376658778543,-6599.203816389543,2.06602972386975,4.337439026978494,-1.3566927449173949,6.0828335120353785,0.00021541,3.142e-05,1526.1666666666667,-1.6262544872342914,0.7234466575037004,-2.061407719553668,-0.0008801504784843,-0.0033825373604945,0.0001709635636402,2024-05-17,2024-05-17,6.0,204.1
2024-05-17 17:04:28,2024-05-18 16:55:15,-2144.590684612978,-6578.070454522561,6.360118307062122,4.325203071659271,-1.3956949548434614,6.082763074046202,0.00055024,8.482e-05,1430.7833333333333,-4.076700566544787,1.6467814858906422,-6.359160186390367,-0.0026316213798223,-0.0088449282945071,0.0002411654997347,2024-05-17,2024-05-17,6.0,204.1
2024-06-07 17:01:46,2024-06-08 16:52:33,-6398.540800379844,2632.1678605296947,-0.2055612316932485,-1.7222139339830416,-4.205892994421612,6.082872189112909,-1.624e-05,-5.46e-06,1430.7833333333333,-0.0036703469413623,-0.2977560570257083,0.2047654261660282,0.0003034073302849,-0.0002464644208703,6.222642774567078e-05,2024-06-07,2024-06-07,6.300000000000001,184.4
2024-06-07 17:01:46,2024-06-08 16:52:33,-6398.540800379844,2632.1678605296947,-0.2055612316932485,-1.7222139339830416,-4.205892994421612,6.082872189112909,-1.624e-05,-5.46e-06,1430.7833333333333,-0.0036703469413623,-0.2977560570257083,0.2047654261660282,0.0003034073302849,-0.0002464644208703,6.222642774567078e-05,2024-06-07,2024-06-07,6.300000000000001,184.4
2024-06-28 20:09:47,2024-06-29 20:00:35,3159.162402215568,6155.9331634516175,7.856629385059953,-4.049629896121324,2.0619260119828,6.082608121717675,0.00012198,1.654e-05,1430.8,4.79551851080987,-2.840121252063909,-7.857210305547132,0.0046924922734046,0.0096262060025815,0.00037376456876,2024-06-28,2024-06-28,7.7,180.7
2024-06-28 21:45:10,2024-06-29 20:00:35,3158.159420809028,6156.200158092736,9.275732590904004,-4.050663413636376,2.0602410739772057,6.082784612911697,0.00015688,2.21e-05,1335.4166666666667,5.798499917349545,-3.1071158931827085,-9.276313511391182,0.0057260097884563,0.0113111440081752,0.0001972733747379,2024-06-28,2024-06-28,7.7,180.7
2024-06-28 23:20:32,2024-06-29 23:11:22,3211.5136406153983,6128.392475961746,25.341052984319354,-4.03919665781219,2.083029149701276,6.0827374667864,0.00022834,3.35e-05,1430.8333333333333,16.381071747045098,-8.415204733463725,-25.33560244102369,0.0161221042395407,0.0303909539899822,0.0001156964648325,2024-06-28,2024-06-28,7.7,180.7
2024-07-26 14:16:24,2024-07-27 15:42:34,3239.659162514974,-6113.2655750471085,4.85547092033613,4.010288463299252,2.138972320597788,6.0828864501090925,1.9517e-05,2.3e-07,1526.1666666666667,-3.340791579477809,-2.129271186126971,-4.860391411817095,0.0028535059965406,-0.006221942814033,-9.990129778358892e-05,2024-07-26,2024-07-26,5.0,176.3
2024-07-30 12:04:10,2024-07-31 11:54:57,1276.9277365009366,-6800.190347768497,-2.0267231869317404,4.465325679172331,0.8444468876096702,6.082806312122586,9.1952e-05,1.175e-05,1430.7833333333333,0.6207146385629585,0.6945821641220391,2.021641221388641,-8.365418401634628e-05,0.0023530109533944,0.0005150511276141,2024-07-30,2024-07-30,5.300000000000001,400.7
2024-08-01 10:10:20,2024-08-02 11:36:31,215.53714136660585,-6915.369567376446,10.63735049092212,4.541890914520417,0.1587203114158476,6.083036840698008,0.00015554,2.189e-05,1526.1833333333334,-7.755683058669177,-0.1947712480205155,-10.64355870928742,0.0006184124887989,-0.0145852862021467,-1.6421600355087662e-06,2024-08-01,2024-08-01,5.300000000000001,234.4
2024-08-01 13:21:06,2024-08-02 11:36:31,217.21411100619653,-6915.195211534001,12.882172827870392,4.541778730943052,0.1618538446980609,6.083189732929167,0.00022279,3.261e-05,1335.4166666666667,-9.432652698259858,-0.3691270904655539,-12.888381046235692,0.0007305960661643,-0.01771881948436,-0.0001545343911946,2024-08-01,2024-08-01,5.300000000000001,234.4
2024-08-01 21:18:03,2024-08-02 21:08:50,-7.156012592472361,-6918.493124292643,1.368946061654832,4.54501373855877,0.004425544754433,6.083125451830992,9.2814e-05,1.189e-05,1430.7833333333333,-0.2217053632186685,-0.0745534893831063,-1.3686534379615591,-6.102062103430228e-05,-0.0016342142502654,-5.572316568880353e-05,2024-08-01,2024-08-01,5.300000000000001,234.4
2024-08-01 21:18:03,2024-08-02 21:08:50,-7.156012592472361,-6918.493124292643,1.368946061654832,4.54501373855877,0.004425544754433,6.083125451830992,9.2814e-05,1.189e-05,1430.7833333333333,-0.2217053632186685,-0.0745534893831063,-1.3686534379615591,-6.102062103430228e-05,-0.0016342142502654,-5.572316568880353e-05,2024-08-01,2024-08-01,5.300000000000001,234.4
2024-08-11 07:02:48,2024-08-12 06:53:35,-4652.68330218227,-5120.875340754588,5.373120486422042,3.3720262461676342,-3.046970064513427,6.082792556566241,0.00012078,1.635e-05,1430.7833333333333,-2.874393722172499,2.6042390208067445,-5.376714055565746,-0.0048766283264645,-0.0052726920052381,7.551178976061834e-05,2024-08-11,2024-08-11,5.0,281.5
2024-08-12 03:42:49,2024-08-13 05:08:59,-5013.994524719562,-4767.5910099091225,1.5221340349784962,3.138296912589062,-3.287208041232728,6.082886152586097,8.2653e-05,1.028e-05,1526.1666666666667,-0.8101222217737813,0.8034301155348658,-1.5142858752681816,-0.0015183049856339,-0.0013729811489056,-1.7411470105699325e-06,2024-08-12,2024-08-12,8.0,272.4
2024-08-12 06:53:35,2024-08-13 05:08:59,-5013.043236123394,-4768.722659736588,3.704167387140165,3.14027919610371,-3.2851734130424104,6.082828445227754,0.00019461,2.811e-05,1335.4,-1.761410817941396,1.9350799430003465,-3.696319227429851,-0.0035005885002825,-0.0034076093392232,5.596621133197033e-05,2024-08-12,2024-08-12,8.0,272.4
2024-08-17 04:32:08,2024-08-18 04:22:56,-6445.555639405024,-2514.8755640488994,11.42485361570668,1.668372702554332,-4.227722788557314,6.08267520834078,0.00022816,3.346e-05,1430.8,-3.022461724885943,9.261014482283372,-11.426762861392907,-0.0149428106099989,-0.0058630405858997,0.0007961789864143,2024-08-17,2024-08-17,6.300000000000001,229.5
2024-08-28 01:15:23,2024-08-29 01:06:10,-6136.383760804681,3196.3822439143964,1.740195245099886,-2.091384459698049,-4.034788296177995,6.08279204850142,0.00010435,1.373e-05,1430.7833333333333,0.4047705831671919,0.0703931344178272,-1.7453109590521734,-0.0017001137234973,0.0006585725775565,0.0002936689000829,2024-08-28,2024-08-28,5.7,211.9
2024-09-12 13:15:39,2024-09-13 13:06:26,854.3564714588038,6865.802493691985,2.0606575802689933,-4.511044218296967,0.5518636414862716,6.08302194474,9.2094e-05,1.178e-05,1430.7833333333333,1.7344795756115443,0.0097776231705211,-2.055530599505352,0.000592658441084,0.0026689902420123,-0.0001020254710928,2024-09-12,2024-09-12,7.0,201.2
2024-09-13 13:06:26,2024-09-14 11:21:50,1350.6084947689335,6785.920178196452,2.4225000918877524,-4.458892138992333,0.8773380161421511,6.082875584693191,8.669e-05,1.092e-05,1335.4,1.5929447560247354,-0.812006939042476,-2.420768324021003,0.0001008042146812,0.0032210148442706,0.0003119439715577,2024-09-13,2024-09-13,6.0,185.8
2024-09-17 17:15:44,2024-09-18 17:06:32,3483.5089048847494,5977.810020552503,11.028487459054071,-3.935352978529565,2.273344951572793,6.082914403450388,0.0002837,4.231e-05,1430.8,7.092333314537882,-4.042923881455863,-11.023197961649858,0.0076792249249115,0.0129172159596371,6.978308054694793e-05,2024-09-17,2024-09-17,7.300000000000001,165.4
2024-09-17 17:15:44,2024-09-18 17:06:32,3483.5089048847494,5977.810020552503,11.028487459054071,-3.935352978529565,2.273344951572793,6.082914403450388,0.0002837,4.231e-05,1430.8,7.092333314537882,-4.042923881455863,-11.023197961649858,0.0076792249249115,0.0129172159596371,6.978308054694793e-05,2024-09-17,2024-09-17,7.300000000000001,165.4
2024-10-07 11:00:40,2024-10-08 10:51:27,6058.255579722371,-3342.3287389277657,3.4856789488379194,2.185768755428992,3.984189511089392,6.082791191043267,0.0002241,3.281e-05,1430.7833333333333,-1.8349301883772569,-2.500560565260457,-3.48805754364957,0.0047160468443423,-0.0022178003644124,0.0002970736360516,2024-10-07,2024-10-07,6.300000000000001,277.0
2024-10-07 20:32:59,2024-10-08 20:23:46,5951.050146319169,-3529.720308910553,2.792294312229121,2.3096104228987824,3.9137357663442174,6.08274701378189,0.00011465,1.537e-05,1430.7833333333333,-1.6577319836678726,-1.913230916431985,-2.7916971061425877,0.0036274969300356,-0.0017867722438134,0.0003988383191364,2024-10-07,2024-10-07,6.300000000000001,277.0
2024-10-08 02:54:32,2024-10-09 02:45:19,5876.398669660789,-3652.863769557312,2.1602876305944805,2.390969855574512,3.8644567722603,6.08266666632712,0.00017488,2.496e-05,1430.7833333333333,-1.281465205222048,-1.2269930213929,-2.157020770831437,0.0025679657265582,-0.0012546953924017,0.000411151163612,2024-10-08,2024-10-08,7.0,224.7
2024-10-08 10:51:27,2024-10-09 10:42:15,5783.177079742659,-3797.753451478795,12.933587685574874,2.4787798697249883,3.80922914274388,6.083039689001343,0.00023606,3.472e-05,1430.8,-4.97213421421111,-7.871898945328667,-12.93179575561202,0.0143631079834989,-0.0096581414483463,1.3396704767743015e-06,2024-10-08,2024-10-08,7.0,224.7
2024-10-08 10:51:27,2024-10-09 10:42:15,5783.177079742659,-3797.753451478795,12.933587685574874,2.4787798697249883,3.80922914274388,6.083039689001343,0.00023606,3.472e-05,1430.8,-4.97213421421111,-7.871898945328667,-12.93179575561202,0.0143631079834989,-0.0096581414483463,1.3396704767743015e-06,2024-10-08,2024-10-08,7.0,224.7
2024-10-08 20:23:46,2024-10-09 20:14:34,5659.950474332908,-3979.092378409429,7.632467936989967,2.601958759633836,3.726143912123984,6.08309469214045,1.8362e-05,4e-08,1430.8,-3.1078108987358064,-4.561597320195688,-7.635707033023983,0.0083582450021486,-0.0060336830133902,-5.939259586362766e-06,2024-10-08,2024-10-08,7.0,224.7
2024-10-11 11:59:11,2024-10-12 13:25:24,4705.489311018937,-5071.978821892179,32.91286040975007,3.3067360731207565,3.1179210197787595,6.08292201149186,0.00062886,9.743e-05,1526.2166666666667,-17.445533777568016,-16.571464719146206,-32.90620370741724,0.0305704742889072,-0.033114965850868,2.205486676398749e-05,2024-10-11,2024-10-11,8.3,213.9
2024-10-19 04:23:57,2024-10-20 05:50:06,978.2507410011954,-6849.495293646872,-4.343946708705807,4.49835702880541,0.6463016485068876,6.0827793560292935,4.036e-05,3.55e-06,1526.15,3.3886715969980514,0.6254628476117432,4.340211809944719,-0.0008757110892094,0.006037703523082,0.0001856347677255,2024-10-19,2024-10-19,5.0,162.3
2024-10-19 05:59:20,2024-10-20 05:50:06,978.5432789757156,-6849.399542337655,-4.011759703667051,4.4983110217460816,0.6468028139927382,6.082835709827163,3.4697e-05,2.64e-06,1430.7666666666669,3.09613362247785,0.529711538394622,4.008024804905964,-0.000829704029881,0.0055365380372315,0.0001292809698565,2024-10-19,2024-10-19,5.0,162.3
2024-11-09 21:50:27,2024-11-10 21:41:15,-6917.450433748072,-122.85291940461444,15.274264643219375,0.1018535452317931,-4.543890906287602,6.082974338152615,0.00033352,5.027e-05,1430.8,-0.1350759109491264,11.26702881044423,-15.26714003969829,-0.0203930476433608,-0.0004297832502286,0.0001577977878639,2024-11-09,2024-11-09,5.0,220.9
2024-11-10 01:01:13,2024-11-11 00:52:01,-6918.266155485596,-52.43320523116171,17.166171971904728,0.0572855321015325,-4.544732959699847,6.083011656891143,0.00044698,6.837e-05,1430.8,-0.326319975597471,12.83835276436507,-17.166482311338957,-0.0233340461831575,5.302697811870871e-05,1.576805037029061e-05,2024-11-10,2024-11-10,5.7,230.6
2024-12-17 14:00:01,2024-12-18 14:00:01,2406.2414851456238,-3616.179946493304,-5245.871876997848,7.0963877094703225,2.297946279896597,1.672563308033863,0.022647,0.01157915,1440.0,-4.966169089051164,-1.7520522991985672,-1.485556202308544,0.0018575175744812,-0.0032506477087008,-0.0048375380301202,2024-12-17,2024-12-17,5.300000000000001,170.0
2024-12-17 22:00:00,2024-12-18 22:00:01,6602.268372703123,-425.88003887142753,-1596.080687963571,1.7092283967826696,4.613269697500722,5.86417449595139,0.022728,0.0119325,1440.0166666666669,-1.9091925140564852,-5.958558457663969,-7.812115592665577,0.0105567629514877,-0.0008563462237454,-0.0027190804341747,2024-12-17,2024-12-17,5.300000000000001,170.0
2025-01-01 06:00:00,2025-01-02 06:00:00,1499.814350801473,4653.563769737727,4641.687446881325,-5.129207269284146,4.794092339863786,-3.1406941124002974,0.0058588,0.00632484,1440.0,7.888236493499335,-7.311066163132637,4.9819996165842895,0.0028436231646331,0.0092077986950789,0.0094160041893132,2025-01-01,2025-01-01,8.0,219.2
2025-01-01 06:00:00,2025-01-02 06:00:00,1499.814350801473,4653.563769737727,4641.687446881325,-5.129207269284146,4.794092339863786,-3.1406941124002974,0.0058588,0.00632484,1440.0,7.888236493499335,-7.311066163132637,4.9819996165842895,0.0028436231646331,0.0092077986950789,0.0094160041893132,2025-01-01,2025-01-01,8.0,219.2
2025-01-04 14:00:01,2025-01-05 14:00:01,-3760.445171393806,4005.731104650029,-3907.294940057554,-2.052180660242399,-6.067260929951986,-4.249740288606238,0.005064,0.00633191,1440.0,1.7008049277224018,5.852137622377086,3.9196888512537953,-0.0045644877040551,0.0051249054333162,-0.0048143077375204,2025-01-04,2025-01-04,5.300000000000001,209.3
2025-01-04 20:00:01,2025-01-05 22:00:00,-2278.688350421282,-4870.104590162132,-4066.392933931525,3.930994139255611,-5.2176896685912135,4.050165681599919,0.0046553,0.00585981,1559.9833333333331,3.445955639977456,-4.420099489891982,3.433124091908212,0.0027604175174422,0.0054455440251892,0.0044054283249881,2025-01-04,2025-01-04,5.300000000000001,209.3
2025-01-04 22:00:00,2025-01-05 22:00:00,-2279.172702336478,-4869.571421153472,-4067.002790424101,3.930666761691744,-5.218353226007342,4.049473879534668,0.0043825,0.00551645,1440.0,3.9303075551733855,-4.953268498551552,4.042980584484212,0.003087795081309,0.0061091014413179,0.0050972303902385,2025-01-04,2025-01-04,5.300000000000001,209.3
